{
    "data": {
        "temperature_c": {
            "average": 10.350000000000001,
            "median": 10.350000000000001,
            "min": 4,
            "max": 17
        }
    },
    "service": "weather"
}